{
  "0": {
    "precision": 0.7871559633027523,
    "recall": 0.852882703777336,
    "f1-score": 0.8187022900763359,
    "support": 1509.0
  },
  "1": {
    "precision": 0.9178181818181819,
    "recall": 0.8402130492676432,
    "f1-score": 0.8773027459158846,
    "support": 1502.0
  },
  "2": {
    "precision": 0.9586776859504132,
    "recall": 0.9502205419029616,
    "f1-score": 0.9544303797468354,
    "support": 1587.0
  },
  "3": {
    "precision": 0.9607594936708861,
    "recall": 0.9644218551461246,
    "f1-score": 0.9625871908687381,
    "support": 1574.0
  },
  "4": {
    "precision": 0.977390180878553,
    "recall": 0.9831059129304743,
    "f1-score": 0.9802397149335925,
    "support": 1539.0
  },
  "accuracy": 0.9192063286214499,
  "macro avg": {
    "precision": 0.9203603011241572,
    "recall": 0.918168812604908,
    "f1-score": 0.9186524643082773,
    "support": 7711.0
  },
  "weighted avg": {
    "precision": 0.921312628287918,
    "recall": 0.9192063286214499,
    "f1-score": 0.9196618664841487,
    "support": 7711.0
  }
}