{
  "0": {
    "precision": 0.8026151930261519,
    "recall": 0.854208084824387,
    "f1-score": 0.8276083467094703,
    "support": 1509.0
  },
  "1": {
    "precision": 0.9299781181619255,
    "recall": 0.8488681757656458,
    "f1-score": 0.8875739644970414,
    "support": 1502.0
  },
  "2": {
    "precision": 0.9559471365638766,
    "recall": 0.9571518588531821,
    "f1-score": 0.9565491183879093,
    "support": 1587.0
  },
  "3": {
    "precision": 0.9519050593379138,
    "recall": 0.9682337992376112,
    "f1-score": 0.96,
    "support": 1574.0
  },
  "4": {
    "precision": 0.9792746113989638,
    "recall": 0.9824561403508771,
    "f1-score": 0.9808627959779436,
    "support": 1539.0
  },
  "accuracy": 0.9232265594605109,
  "macro avg": {
    "precision": 0.9239440236977664,
    "recall": 0.9221836118063408,
    "f1-score": 0.9225188451144728,
    "support": 7711.0
  },
  "weighted avg": {
    "precision": 0.9247132350957631,
    "recall": 0.9232265594605109,
    "f1-score": 0.9234377361886674,
    "support": 7711.0
  }
}