{
  "0": {
    "precision": 0.7976470588235294,
    "recall": 0.8986083499005965,
    "f1-score": 0.8451230913057027,
    "support": 1509.0
  },
  "1": {
    "precision": 0.9284660766961652,
    "recall": 0.8382157123834887,
    "f1-score": 0.8810356892932121,
    "support": 1502.0
  },
  "2": {
    "precision": 0.9625396825396826,
    "recall": 0.9552614996849401,
    "f1-score": 0.958886780518659,
    "support": 1587.0
  },
  "3": {
    "precision": 0.9858156028368794,
    "recall": 0.9714104193138501,
    "f1-score": 0.97856,
    "support": 1574.0
  },
  "4": {
    "precision": 0.986919555264879,
    "recall": 0.9805068226120858,
    "f1-score": 0.983702737940026,
    "support": 1539.0
  },
  "accuracy": 0.9297108027493192,
  "macro avg": {
    "precision": 0.9322775952322271,
    "recall": 0.9288005607789922,
    "f1-score": 0.92946165981152,
    "support": 7711.0
  },
  "weighted avg": {
    "precision": 0.9332510555791361,
    "recall": 0.9297108027493192,
    "f1-score": 0.9304281707264327,
    "support": 7711.0
  }
}