{
  "0": {
    "precision": 0.7970501474926254,
    "recall": 0.8952948972829688,
    "f1-score": 0.8433208489388264,
    "support": 1509.0
  },
  "1": {
    "precision": 0.9223443223443224,
    "recall": 0.8382157123834887,
    "f1-score": 0.8782699686083013,
    "support": 1502.0
  },
  "2": {
    "precision": 0.9649458253664754,
    "recall": 0.9540012602394455,
    "f1-score": 0.9594423320659062,
    "support": 1587.0
  },
  "3": {
    "precision": 0.9864777849323889,
    "recall": 0.9733163913595934,
    "f1-score": 0.9798528941477455,
    "support": 1574.0
  },
  "4": {
    "precision": 0.9875735775016351,
    "recall": 0.9811565951916829,
    "f1-score": 0.984354628422425,
    "support": 1539.0
  },
  "accuracy": 0.9293217481519906,
  "macro avg": {
    "precision": 0.9316783315274895,
    "recall": 0.9283969712914357,
    "f1-score": 0.9290481344366409,
    "support": 7711.0
  },
  "weighted avg": {
    "precision": 0.9327027154510097,
    "recall": 0.9293217481519906,
    "f1-score": 0.9300451126206217,
    "support": 7711.0
  }
}