{
  "0": {
    "precision": 0.797752808988764,
    "recall": 0.8939695162359178,
    "f1-score": 0.843125,
    "support": 1509.0
  },
  "1": {
    "precision": 0.9220116618075802,
    "recall": 0.8422103861517976,
    "f1-score": 0.8803061934585943,
    "support": 1502.0
  },
  "2": {
    "precision": 0.9661774090619017,
    "recall": 0.9540012602394455,
    "f1-score": 0.9600507292327204,
    "support": 1587.0
  },
  "3": {
    "precision": 0.985209003215434,
    "recall": 0.9733163913595934,
    "f1-score": 0.979226589964845,
    "support": 1574.0
  },
  "4": {
    "precision": 0.9888597640891219,
    "recall": 0.9805068226120858,
    "f1-score": 0.9846655791190865,
    "support": 1539.0
  },
  "accuracy": 0.9297108027493192,
  "macro avg": {
    "precision": 0.9320021294325602,
    "recall": 0.928800875319768,
    "f1-score": 0.9294748183550492,
    "support": 7711.0
  },
  "weighted avg": {
    "precision": 0.9330266114608378,
    "recall": 0.9297108027493192,
    "f1-score": 0.9304628470673163,
    "support": 7711.0
  }
}